{"class": "PoseStamped", "topic_name": "/aruco", "timestamp": "1741098281.611853", "message": {"header": {"seq": 0, "stamp": 1741098281.836685, "frame_id": ""}, "pose": {"position": {"x": 0.8095843755784884, "y": 1.6591609758972559, "z": 0}, "orientation": {"x": 0.0, "y": 0.0, "z": -0.7012532172812158, "w": 0.712912284403028}}}}
{"class": "PoseStamped", "topic_name": "/aruco", "timestamp": "1741098282.612201", "message": {"header": {"seq": 0, "stamp": 1741098282.855952, "frame_id": ""}, "pose": {"position": {"x": 0.8095843755784884, "y": 1.6591609758972559, "z": 0}, "orientation": {"x": 0.0, "y": 0.0, "z": -0.7012532172812158, "w": 0.712912284403028}}}}
{"class": "PoseStamped", "topic_name": "/aruco", "timestamp": "1741098283.61282", "message": {"header": {"seq": 0, "stamp": 1741098283.888217, "frame_id": ""}, "pose": {"position": {"x": 0.8095843755784884, "y": 1.6591609758972559, "z": 0}, "orientation": {"x": 0.0, "y": 0.0, "z": -0.7012532172812158, "w": 0.712912284403028}}}}
{"class": "PoseStamped", "topic_name": "/aruco", "timestamp": "1741098284.712215", "message": {"header": {"seq": 0, "stamp": 1741098284.998817, "frame_id": ""}, "pose": {"position": {"x": 0.8095843755784884, "y": 1.6591609758972559, "z": 0}, "orientation": {"x": 0.0, "y": 0.0, "z": -0.7012532172812158, "w": 0.712912284403028}}}}
{"class": "PoseStamped", "topic_name": "/aruco", "timestamp": "1741098285.811801", "message": {"header": {"seq": 0, "stamp": 1741098286.053718, "frame_id": ""}, "pose": {"position": {"x": 0.8095843755784884, "y": 1.6591609758972559, "z": 0}, "orientation": {"x": 0.0, "y": 0.0, "z": -0.7012532172812158, "w": 0.712912284403028}}}}
{"class": "PoseStamped", "topic_name": "/aruco", "timestamp": "1741098286.911854", "message": {"header": {"seq": 0, "stamp": 1741098287.1462, "frame_id": ""}, "pose": {"position": {"x": 0.8095843755784884, "y": 1.6591609758972559, "z": 0}, "orientation": {"x": 0.0, "y": 0.0, "z": -0.7012532172812158, "w": 0.712912284403028}}}}
{"class": "PoseStamped", "topic_name": "/aruco", "timestamp": "1741098287.912061", "message": {"header": {"seq": 0, "stamp": 1741098288.172366, "frame_id": ""}, "pose": {"position": {"x": 0.8095843755784884, "y": 1.6591609758972559, "z": 0}, "orientation": {"x": 0.0, "y": 0.0, "z": -0.7012532172812158, "w": 0.712912284403028}}}}
