{"class": "PoseStamped", "topic_name": "/aruco", "timestamp": "1741099520.377117", "message": {"header": {"seq": 0, "stamp": 1741099520.677145, "frame_id": ""}, "pose": {"position": {"x": 0.3329428463177284, "y": 1.0609137626034066, "z": 0}, "orientation": {"x": 0.0, "y": 0.0, "z": -0.028747129679593364, "w": 0.9995867158657045}}}}
{"class": "PoseStamped", "topic_name": "/aruco", "timestamp": "1741099521.577031", "message": {"header": {"seq": 0, "stamp": 1741099521.777254, "frame_id": ""}, "pose": {"position": {"x": 0.3331168677117262, "y": 1.0625319982280914, "z": 0}, "orientation": {"x": 0.0, "y": 0.0, "z": -0.1795638352618785, "w": 0.9837463235336867}}}}
{"class": "PoseStamped", "topic_name": "/aruco", "timestamp": "1741099522.477133", "message": {"header": {"seq": 0, "stamp": 1741099522.7765, "frame_id": ""}, "pose": {"position": {"x": 0.3329428463177284, "y": 1.0609137626034066, "z": 0}, "orientation": {"x": 0.0, "y": 0.0, "z": -0.028747129679593364, "w": 0.9995867158657045}}}}
{"class": "PoseStamped", "topic_name": "/aruco", "timestamp": "1741099523.577281", "message": {"header": {"seq": 0, "stamp": 1741099523.824998, "frame_id": ""}, "pose": {"position": {"x": 0.36325845479029684, "y": 1.0846089419343203, "z": 0}, "orientation": {"x": 0.0, "y": 0.0, "z": -0.02845259166737351, "w": 0.9995951430591336}}}}
