{"class": "PoseStamped", "topic_name": "/aruco", "timestamp": "1741098335.316191", "message": {"header": {"seq": 0, "stamp": 1741098335.553014, "frame_id": ""}, "pose": {"position": {"x": 0.4010795275655752, "y": 0.6261812753273206, "z": 0}, "orientation": {"x": 0.0, "y": 0.0, "z": -0.0695024289189206, "w": 0.9975817822987599}}}}
{"class": "PoseStamped", "topic_name": "/aruco", "timestamp": "1741098336.316794", "message": {"header": {"seq": 0, "stamp": 1741098336.575542, "frame_id": ""}, "pose": {"position": {"x": 0.3956525019485977, "y": 0.6211006950703262, "z": 0}, "orientation": {"x": 0.0, "y": 0.0, "z": -0.06160578210128047, "w": 0.99810055986944}}}}
{"class": "PoseStamped", "topic_name": "/aruco", "timestamp": "1741098341.516304", "message": {"header": {"seq": 0, "stamp": 1741098341.82008, "frame_id": ""}, "pose": {"position": {"x": 0.4010795275655752, "y": 0.6261812753273206, "z": 0}, "orientation": {"x": 0.0, "y": 0.0, "z": -0.0695024289189206, "w": 0.9975817822987599}}}}
{"class": "PoseStamped", "topic_name": "/aruco", "timestamp": "1741098343.616565", "message": {"header": {"seq": 0, "stamp": 1741098343.908891, "frame_id": ""}, "pose": {"position": {"x": 0.4010795275655752, "y": 0.6261812753273206, "z": 0}, "orientation": {"x": 0.0, "y": 0.0, "z": -0.0695024289189206, "w": 0.9975817822987599}}}}
{"class": "PoseStamped", "topic_name": "/aruco", "timestamp": "1741098344.716325", "message": {"header": {"seq": 0, "stamp": 1741098344.93646, "frame_id": ""}, "pose": {"position": {"x": 0.4010795275655752, "y": 0.6261812753273206, "z": 0}, "orientation": {"x": 0.0, "y": 0.0, "z": -0.0695024289189206, "w": 0.9975817822987599}}}}
{"class": "PoseStamped", "topic_name": "/aruco", "timestamp": "1741098345.7165", "message": {"header": {"seq": 0, "stamp": 1741098345.982474, "frame_id": ""}, "pose": {"position": {"x": 0.4010795275655752, "y": 0.6261812753273206, "z": 0}, "orientation": {"x": 0.0, "y": 0.0, "z": -0.0695024289189206, "w": 0.9975817822987599}}}}
{"class": "PoseStamped", "topic_name": "/aruco", "timestamp": "1741098346.816706", "message": {"header": {"seq": 0, "stamp": 1741098347.022761, "frame_id": ""}, "pose": {"position": {"x": 0.4010795275655752, "y": 0.6261812753273206, "z": 0}, "orientation": {"x": 0.0, "y": 0.0, "z": -0.0695024289189206, "w": 0.9975817822987599}}}}
{"class": "PoseStamped", "topic_name": "/aruco", "timestamp": "1741098347.81644", "message": {"header": {"seq": 0, "stamp": 1741098348.029445, "frame_id": ""}, "pose": {"position": {"x": 0.4010795275655752, "y": 0.6261812753273206, "z": 0}, "orientation": {"x": 0.0, "y": 0.0, "z": -0.0695024289189206, "w": 0.9975817822987599}}}}
{"class": "PoseStamped", "topic_name": "/aruco", "timestamp": "1741098348.816792", "message": {"header": {"seq": 0, "stamp": 1741098349.081681, "frame_id": ""}, "pose": {"position": {"x": 0.4010795275655752, "y": 0.6261812753273206, "z": 0}, "orientation": {"x": 0.0, "y": 0.0, "z": -0.0695024289189206, "w": 0.9975817822987599}}}}
{"class": "PoseStamped", "topic_name": "/aruco", "timestamp": "1741098349.817007", "message": {"header": {"seq": 0, "stamp": 1741098350.112978, "frame_id": ""}, "pose": {"position": {"x": 0.4010795275655752, "y": 0.6261812753273206, "z": 0}, "orientation": {"x": 0.0, "y": 0.0, "z": -0.0695024289189206, "w": 0.9975817822987599}}}}
{"class": "PoseStamped", "topic_name": "/aruco", "timestamp": "1741098350.823301", "message": {"header": {"seq": 0, "stamp": 1741098351.113377, "frame_id": ""}, "pose": {"position": {"x": 0.4010795275655752, "y": 0.6261812753273206, "z": 0}, "orientation": {"x": 0.0, "y": 0.0, "z": -0.0695024289189206, "w": 0.9975817822987599}}}}
{"class": "PoseStamped", "topic_name": "/aruco", "timestamp": "1741098351.916422", "message": {"header": {"seq": 0, "stamp": 1741098352.151453, "frame_id": ""}, "pose": {"position": {"x": 0.4010795275655752, "y": 0.6261812753273206, "z": 0}, "orientation": {"x": 0.0, "y": 0.0, "z": -0.0695024289189206, "w": 0.9975817822987599}}}}
{"class": "PoseStamped", "topic_name": "/aruco", "timestamp": "1741098352.916356", "message": {"header": {"seq": 0, "stamp": 1741098353.193893, "frame_id": ""}, "pose": {"position": {"x": 0.3956525019485977, "y": 0.6211006950703262, "z": 0}, "orientation": {"x": 0.0, "y": 0.0, "z": -0.06160578210128047, "w": 0.99810055986944}}}}
{"class": "PoseStamped", "topic_name": "/aruco", "timestamp": "1741098354.016693", "message": {"header": {"seq": 0, "stamp": 1741098354.249727, "frame_id": ""}, "pose": {"position": {"x": 0.4010795275655752, "y": 0.6261812753273206, "z": 0}, "orientation": {"x": 0.0, "y": 0.0, "z": -0.0695024289189206, "w": 0.9975817822987599}}}}
{"class": "PoseStamped", "topic_name": "/aruco", "timestamp": "1741098355.117579", "message": {"header": {"seq": 0, "stamp": 1741098355.321515, "frame_id": ""}, "pose": {"position": {"x": 0.4010795275655752, "y": 0.6261812753273206, "z": 0}, "orientation": {"x": 0.0, "y": 0.0, "z": -0.0695024289189206, "w": 0.9975817822987599}}}}
{"class": "PoseStamped", "topic_name": "/aruco", "timestamp": "1741098356.116549", "message": {"header": {"seq": 0, "stamp": 1741098356.32888, "frame_id": ""}, "pose": {"position": {"x": 0.4010795275655752, "y": 0.6261812753273206, "z": 0}, "orientation": {"x": 0.0, "y": 0.0, "z": -0.0695024289189206, "w": 0.9975817822987599}}}}
{"class": "PoseStamped", "topic_name": "/aruco", "timestamp": "1741098357.116542", "message": {"header": {"seq": 0, "stamp": 1741098357.380609, "frame_id": ""}, "pose": {"position": {"x": 0.4010795275655752, "y": 0.6261812753273206, "z": 0}, "orientation": {"x": 0.0, "y": 0.0, "z": -0.0695024289189206, "w": 0.9975817822987599}}}}
{"class": "PoseStamped", "topic_name": "/aruco", "timestamp": "1741098358.216299", "message": {"header": {"seq": 0, "stamp": 1741098358.409207, "frame_id": ""}, "pose": {"position": {"x": 0.4010795275655752, "y": 0.6261812753273206, "z": 0}, "orientation": {"x": 0.0, "y": 0.0, "z": -0.0695024289189206, "w": 0.9975817822987599}}}}
{"class": "PoseStamped", "topic_name": "/aruco", "timestamp": "1741098359.216761", "message": {"header": {"seq": 0, "stamp": 1741098359.512003, "frame_id": ""}, "pose": {"position": {"x": 0.4010795275655752, "y": 0.6261812753273206, "z": 0}, "orientation": {"x": 0.0, "y": 0.0, "z": -0.0695024289189206, "w": 0.9975817822987599}}}}
{"class": "PoseStamped", "topic_name": "/aruco", "timestamp": "1741098360.316532", "message": {"header": {"seq": 0, "stamp": 1741098360.53099, "frame_id": ""}, "pose": {"position": {"x": 0.4010795275655752, "y": 0.6261812753273206, "z": 0}, "orientation": {"x": 0.0, "y": 0.0, "z": -0.0695024289189206, "w": 0.9975817822987599}}}}
{"class": "PoseStamped", "topic_name": "/aruco", "timestamp": "1741098361.316635", "message": {"header": {"seq": 0, "stamp": 1741098361.57564, "frame_id": ""}, "pose": {"position": {"x": 0.3487903523749265, "y": 0.5690131069980893, "z": 0}, "orientation": {"x": 0.0, "y": 0.0, "z": -0.07792159390142243, "w": 0.9969594902521676}}}}
{"class": "PoseStamped", "topic_name": "/aruco", "timestamp": "1741098362.416606", "message": {"header": {"seq": 0, "stamp": 1741098362.662878, "frame_id": ""}, "pose": {"position": {"x": 0.4010795275655752, "y": 0.6261812753273206, "z": 0}, "orientation": {"x": 0.0, "y": 0.0, "z": -0.0695024289189206, "w": 0.9975817822987599}}}}
{"class": "PoseStamped", "topic_name": "/aruco", "timestamp": "1741098363.516742", "message": {"header": {"seq": 0, "stamp": 1741098363.738408, "frame_id": ""}, "pose": {"position": {"x": 0.4010795275655752, "y": 0.6261812753273206, "z": 0}, "orientation": {"x": 0.0, "y": 0.0, "z": -0.0695024289189206, "w": 0.9975817822987599}}}}
{"class": "PoseStamped", "topic_name": "/aruco", "timestamp": "1741098364.517209", "message": {"header": {"seq": 0, "stamp": 1741098364.740818, "frame_id": ""}, "pose": {"position": {"x": 0.40118752698067395, "y": 0.6283686824375792, "z": 0}, "orientation": {"x": 0.0, "y": 0.0, "z": -0.06889224647778815, "w": 0.9976241067532619}}}}
{"class": "PoseStamped",