{"class": "Pose", "topic_name": "/groundtruth", "timestamp": "1739868024.065784", "message": {"position": {"x": 1.8834144117412328, "y": 0.28933882003664907, "z": 0.07384273574916872}, "orientation": {"x": -0.0, "y": 0.0, "z": 0.0011427408055528685, "w": -0.9999993470715125}}}
{"class": "Vector3Stamped", "topic_name": "/true_wheel_speeds", "timestamp": "1739868024.094939", "message": {"header": {"seq": 0, "stamp": 2407.390151977539, "frame_id": ""}, "vector": {"x": 6.283185307179586, "y": 6.283185307179586, "z": 0.0}}}
{"class": "LaserScan", "topic_name": "/lidar", "timestamp": "1739868024.771374", "message": {"header": {"seq": 2360, "stamp": 1739868024.759828, "frame_id": "lidar"}, "angle_min": -1.0472, "angle_max": 1.0472, "angle_increment": 0.01745333333333333, "time_increment": 0.0006666666666666666, "scan_time": 0.08, "range_min": 0.05, "range_max": 1.0, "ranges": [0.15142665803432465, 0.14710748195648193, 0.14296171069145203, 0.1392064392566681, 0.13556787371635437, 0.13227257132530212, 0.12907102704048157, 0.12615227699279785, 0.12332597374916077, 0.12071514874696732, 0.11821028590202332, 0.11583826690912247, 0.11359381675720215, 0.1114707961678505, 0.10949564725160599, 0.10758453607559204, 0.10577788203954697, 0.10406208038330078, 0.10243174433708191, 0.10088195651769638, 0.09940820932388306, 0.09800632297992706, 0.09667246788740158, 0.09540309011936188, 0.09419495612382889, 0.09304499626159668, 0.09195047616958618, 0.09090876579284668, 0.08991748839616776, 0.08897437900304794, 0.08807743340730667, 0.08722467720508575, 0.08641432225704193, 0.08564477413892746, 0.084914430975914, 0.08422189205884933, 0.08356578648090363, 0.08294489234685898, 0.08235807716846466, 0.08180423080921173, 0.08128239214420319, 0.08079162240028381, 0.08033106476068497, 0.07989992201328278, 0.07949747890233994, 0.07912305742502213, 0.07877600938081741, 0.07845579087734222, 0.07816189527511597, 0.07789380848407745, 0.07765113562345505, 0.0774335041642189, 0.07724053412675858, 0.07707192748785019, 0.07692746073007584, 0.07680686563253403, 0.07671000063419342, 0.07663668692111969, 0.07658681273460388, 0.07656031101942062, 0.07655714452266693, 0.07657730579376221, 0.07662081718444824, 0.0766877606511116, 0.07677821815013885, 0.07689234614372253, 0.07703030109405518, 0.07719232887029648, 0.07737864553928375, 0.07758955657482147, 0.0778253972530365, 0.07808654010295868, 0.07837336510419846, 0.07868639379739761, 0.07902609556913376, 0.07939302176237106, 0.07978778332471848, 0.08021106570959091, 0.08066356182098389, 0.08114605396986008, 0.08165935426950455, 0.08220440149307251, 0.08278215676546097, 0.08339368551969528, 0.08404010534286499, 0.0847226232290268, 0.08544255048036575, 0.08620131015777588, 0.08700041472911835, 0.08784148097038269, 0.08872624486684799, 0.08965661376714706, 0.09063459932804108, 0.09166236221790314, 0.09274229407310486, 0.09387694299221039, 0.09506897628307343, 0.09632140398025513, 0.09763740748167038, 0.09902045130729675, 0.10047425329685211, 0.10200295597314835, 0.10361096262931824, 0.10530302673578262, 0.10708446055650711, 0.10896586626768112, 0.11091262847185135, 0.11300477385520935, 0.11521606147289276, 0.11755253374576569, 0.12001917511224747, 0.12258957326412201, 0.12537117302417755, 0.1282430738210678, 0.13139185309410095, 0.13463194668293, 0.13820774853229523, 0.14189709722995758, 0.14596766233444214, 0.15020686388015747], "intensities": [100, 100, 100, 100, 100, 100, 100, 100, 100, 100, 100, 100, 100, 100, 100, 100, 100, 100, 100, 100, 100, 100, 100, 100, 100, 100, 100, 100, 100, 100, 100, 100, 100, 100, 100, 100, 100, 100, 100, 100, 100, 100, 100, 100, 100, 100, 100, 100, 100, 100, 100, 100, 100, 100, 100, 100, 100, 100, 100, 100, 100, 100, 100, 100, 100, 100, 100, 100, 100, 100, 100, 100, 100, 100, 100, 100, 100, 100, 100, 100, 100, 100, 100, 100, 100, 100, 100, 100, 100, 100, 100, 100, 100, 100, 100, 100, 100, 100, 100, 100, 100, 100, 100, 100, 100, 100, 100, 100, 100, 100, 100, 100, 100, 100, 100, 100, 100, 100, 100, 100], "angles": [-1.0472, -1.0297466666666666, -1.0122933333333333, -0.99484, -0.9773866666666666, -0.9599333333333333, -0.94248, -0.9250266666666666, -0.9075733333333332, -0.8901199999999999, -0.8726666666666666, -0.8552133333333333, -0.83776, -0.8203066666666666, -0.8028533333333333, -0.7853999999999999, -0.7679466666666666, -0.7504933333333332, -0.7330399999999999, -0.7155866666666666, -0.6981333333333333, -0.68068, -0.6632266666666666, -0.6457733333333333, -0.62832, -0.6108666666666667, -0.5934133333333333, -0.57596, -0.5585066666666667, -0.5410533333333333, -0.5236, -0.5061466666666666, -0.4886933333333333, -0.47124, -0.45378666666666667, -0.43633333333333335, -0.41888000000000003, -0.4014266666666667, -0.3839733333333333, -0.36651999999999996, -0.34906666666666664, -0.3316133333333333, -0.31416, -0.2967066666666667, -0.27925333333333335, -0.26180000000000003, -0.2443466666666667, -0.2268933333333334, -0.20944000000000007, -0.19198666666666664, -0.17453333333333332, -0.15708, -0.13962666666666668, -0.12217333333333336, -0.10472000000000004, -0.08726666666666671, -0.0698133333333334, -0.05236000000000007, -0.03490666666666664, -0.01745333333333332, 0.0, 0.01745333333333332, 0.03490666666666664, 0.05235999999999996, 0.06981333333333328, 0.0872666666666666, 0.10471999999999992, 0.12217333333333324, 0.13962666666666657, 0.1570799999999999, 0.1745333333333332, 0.19198666666666653, 0.20943999999999985, 0.22689333333333317, 0.2443466666666665, 0.26180000000000003, 0.27925333333333335, 0.2967066666666667, 0.31416, 0.3316133333333333, 0.34906666666666664, 0.36651999999999996, 0.3839733333333333, 0.4014266666666666, 0.4188799999999999, 0.43633333333333324, 0.45378666666666656, 0.4712399999999999, 0.4886933333333332, 0.5061466666666665, 0.5235999999999998, 0.5410533333333332, 0.5585066666666665, 0.5759599999999998, 0.5934133333333331, 0.6108666666666664, 0.6283199999999998, 0.6457733333333333, 0.6632266666666666, 0.68068, 0.6981333333333333, 0.7155866666666666, 0.7330399999999999, 0.7504933333333332, 0.7679466666666666, 0.7853999999999999, 0.8028533333333332, 0.8203066666666665, 0.8377599999999998, 0.8552133333333332, 0.8726666666666665, 0.8901199999999998, 0.9075733333333331, 0.9250266666666664, 0.9424799999999998, 0.9599333333333331, 0.9773866666666666, 0.9948399999999997, 1.0122933333333333, 1.0297466666666664]}}
