{"class": "PoseStamped", "topic_name": "/aruco", "timestamp": "1741099326.80474", "message": {"header": {"seq": 0, "stamp": 1741099327.033132, "frame_id": ""}, "pose": {"position": {"x": 0.31092470343685163, "y": 0.24952340737678846, "z": 0}, "orientation": {"x": 0.0, "y": 0.0, "z": 0.019101243416223008, "w": 0.9998175546068163}}}}
{"class": "PoseStamped", "topic_name": "/aruco", "timestamp": "1741099327.805011", "message": {"header": {"seq": 0, "stamp": 1741099328.057959, "frame_id": ""}, "pose": {"position": {"x": 0.31092470343685163, "y": 0.24952340737678846, "z": 0}, "orientation": {"x": 0.0, "y": 0.0, "z": 0.019101243416223008, "w": 0.9998175546068163}}}}
{"class": "PoseStamped", "topic_name": "/aruco", "timestamp": "1741099328.804815", "message": {"header": {"seq": 0, "stamp": 1741099329.057018, "frame_id": ""}, "pose": {"position": {"x": 0.30334659240020656, "y": 0.23969107779474497, "z": 0}, "orientation": {"x": 0.0, "y": 0.0, "z": 0.003947109874146282, "w": 0.9999922101314797}}}}
{"class": "PoseStamped", "topic_name": "/aruco", "timestamp": "1741099329.904395", "message": {"header": {"seq": 0, "stamp": 1741099330.12097, "frame_id": ""}, "pose": {"position": {"x": 0.31092470343685163, "y": 0.24952340737678846, "z": 0}, "orientation": {"x": 0.0, "y": 0.0, "z": 0.019101243416223008, "w": 0.9998175546068163}}}}
{"class": "PoseStamped", "topic_name": "/aruco", "timestamp": "1741099330.904505", "message": {"header": {"seq": 0, "stamp": 1741099331.123081, "frame_id": ""}, "pose": {"position": {"x": 0.31092470343685163, "y": 0.24952340737678846, "z": 0}, "orientation": {"x": 0.0, "y": 0.0, "z": 0.019101243416223008, "w": 0.9998175546068163}}}}
{"class": "PoseStamped", "topic_name": "/aruco", "timestamp": "1741099331.90481", "message": {"header": {"seq": 0, "stamp": 1741099332.183541, "frame_id": ""}, "pose": {"position": {"x": 0.31092470343685163, "y": 0.24952340737678846, "z": 0}, "orientation": {"x": 0.0, "y": 0.0, "z": 0.019101243416223008, "w": 0.9998175546068163}}}}
{"class": "PoseStamped", "topic_name": "/aruco", "timestamp": "1741099332.906466", "message": {"header": {"seq": 0, "stamp": 1741099333.207547, "frame_id": ""}, "pose": {"position": {"x": 0.31092470343685163, "y": 0.24952340737678846, "z": 0}, "orientation": {"x": 0.0, "y": 0.0, "z": 0.019101243416223008, "w": 0.9998175546068163}}}}
{"class": "PoseStamped", "topic_name": "/aruco", "timestamp": "1741099334.005197", "message": {"header": {"seq": 0, "stamp": 1741099334.233836, "frame_id": ""}, "pose": {"position": {"x": 0.31092470343685163, "y": 0.24952340737678846, "z": 0}, "orientation": {"x": 0.0, "y": 0.0, "z": 0.019101243416223008, "w": 0.9998175546068163}}}}
{"class": "PoseStamped", "topic_name": "/aruco", "timestamp": "1741099335.004756", "message": {"header": {"seq": 0, "stamp": 1741099335.274225, "frame_id": ""}, "pose": {"position": {"x": 0.271771967461822, "y": 0.1989703518110868, "z": 0}, "orientation": {"x": 0.0, "y": 0.0, "z": 0.015556220513558436, "w": 0.9998789946805231}}}}
{"class": "PoseStamped", "topic_name": "/aruco", "timestamp": "1741099336.104348", "message": {"header": {"seq": 0, "stamp": 1741099336.366058, "frame_id": ""}, "pose": {"position": {"x": 0.31092470343685163, "y": 0.24952340737678846, "z": 0}, "orientation": {"x": 0.0, "y": 0.0, "z": 0.019101243416223008, "w": 0.9998175546068163}}}}
