{"class": "PoseStamped", "topic_name": "/aruco", "timestamp": "1741099375.432567", "message": {"header": {"seq": 0, "stamp": 1741099375.626915, "frame_id": ""}, "pose": {"position": {"x": 0.1629045324882752, "y": 0.17800267714770968, "z": 0}, "orientation": {"x": 0.0, "y": 0.0, "z": 0.0058239401622212665, "w": 0.9999830407166848}}}}
{"class": "PoseStamped", "topic_name": "/aruco", "timestamp": "1741099376.432288", "message": {"header": {"seq": 0, "stamp": 1741099376.679892, "frame_id": ""}, "pose": {"position": {"x": 0.1629045324882752, "y": 0.17800267714770968, "z": 0}, "orientation": {"x": 0.0, "y": 0.0, "z": 0.0058239401622212665, "w": 0.9999830407166848}}}}
{"class": "PoseStamped", "topic_name": "/aruco", "timestamp": "1741099377.43244", "message": {"header": {"seq": 0, "stamp": 1741099377.735575, "frame_id": ""}, "pose": {"position": {"x": 0.1629045324882752, "y": 0.17800267714770968, "z": 0}, "orientation": {"x": 0.0, "y": 0.0, "z": 0.0058239401622212665, "w": 0.9999830407166848}}}}
{"class": "PoseStamped", "topic_name": "/aruco", "timestamp": "1741099378.632495", "message": {"header": {"seq": 0, "stamp": 1741099378.799428, "frame_id": ""}, "pose": {"position": {"x": 0.1629045324882752, "y": 0.17800267714770968, "z": 0}, "orientation": {"x": 0.0, "y": 0.0, "z": 0.0058239401622212665, "w": 0.9999830407166848}}}}
{"class": "PoseStamped", "topic_name": "/aruco", "timestamp": "1741099379.633009", "message": {"header": {"seq": 0, "stamp": 1741099379.890006, "frame_id": ""}, "pose": {"position": {"x": 0.1629045324882752, "y": 0.17800267714770968, "z": 0}, "orientation": {"x": 0.0, "y": 0.0, "z": 0.0058239401622212665, "w": 0.9999830407166848}}}}
{"class": "PoseStamped", "topic_name": "/aruco", "timestamp": "1741099380.732749", "message": {"header": {"seq": 0, "stamp": 1741099380.980379, "frame_id": ""}, "pose": {"position": {"x": 0.1629045324882752, "y": 0.17800267714770968, "z": 0}, "orientation": {"x": 0.0, "y": 0.0, "z": 0.0058239401622212665, "w": 0.9999830407166848}}}}
{"class": "PoseStamped", "topic_name": "/aruco", "timestamp": "1741099381.832528", "message": {"header": {"seq": 0, "stamp": 1741099382.088492, "frame_id": ""}, "pose": {"position": {"x": 0.1629045324882752, "y": 0.17800267714770968, "z": 0}, "orientation": {"x": 0.0, "y": 0.0, "z": 0.0058239401622212665, "w": 0.9999830407166848}}}}
{"class": "PoseStamped", "topic_name": "/aruco", "timestamp": "1741099382.932475", "message": {"header": {"seq": 0, "stamp": 1741099383.213262, "frame_id": ""}, "pose": {"position": {"x": -0.08416648717839759, "y": -0.1289732457219217, "z": 0}, "orientation": {"x": 0.0, "y": 0.0, "z": -0.08336485295562998, "w": 0.9965190922865884}}}}
{"class": "PoseStamped", "topic_name": "/aruco", "timestamp": "1741099384.03254", "message": {"header": {"seq": 0, "stamp": 1741099384.333471, "frame_id": ""}, "pose": {"position": {"x": -0.08416648717839759, "y": -0.1289732457219217, "z": 0}, "orientation": {"x": 0.0, "y": 0.0, "z": -0.08336485295562998, "w": 0.9965190922865884}}}}
{"class": "PoseStamped", "topic_name": "/aruco", "timestamp": "1741099385.132423", "message": {"header": {"seq": 0, "stamp": 1741099385.377979, "frame_id": ""}, "pose": {"position": {"x": 0.1629045324882752, "y": 0.17800267714770968, "z": 0}, "orientation": {"x": 0.0, "y": 0.0, "z": 0.0058239401622212665, "w": 0.9999830407166848}}}}
