{"class": "PoseStamped", "topic_name": "/aruco", "timestamp": "1741099314.331895", "message": {"header": {"seq": 0, "stamp": 1741099314.540929, "frame_id": ""}, "pose": {"position": {"x": 0.3015674980820682, "y": 0.23893993942315084, "z": 0}, "orientation": {"x": 0.0, "y": 0.0, "z": 0.0041098377491738365, "w": 0.9999915545811752}}}}
{"class": "PoseStamped", "topic_name": "/aruco", "timestamp": "1741099320.63213", "message": {"header": {"seq": 0, "stamp": 1741099320.872825, "frame_id": ""}, "pose": {"position": {"x": 0.31092470343685163, "y": 0.24952340737678846, "z": 0}, "orientation": {"x": 0.0, "y": 0.0, "z": 0.019101243416223008, "w": 0.9998175546068163}}}}
