{"class": "Pose", "topic_name": "/groundtruth", "timestamp": "1739887704.15351", "message": {"position": {"x": 1.9404621106193036, "y": 0.10507886802902683, "z": 0.07384802951053851}, "orientation": {"x": -0.0, "y": 0.0, "z": 0.5219950118100815, "w": -0.8529485375128988}}}
{"class": "Vector3Stamped", "topic_name": "/true_wheel_speeds", "timestamp": "1739887704.185672", "message": {"header": {"seq": 0, "stamp": 2970.287108898163, "frame_id": ""}, "vector": {"x": 3.141592653589793, "y": 3.141592653589793, "z": 0.0}}}
{"class": "LaserScan", "topic_name": "/lidar", "timestamp": "1739887704.455156", "message": {"header": {"seq": 2891, "stamp": 1739887704.43408, "frame_id": "lidar"}, "angle_min": -1.0472, "angle_max": 1.0472, "angle_increment": 0.01745333333333333, "time_increment": 0.0006666666666666666, "scan_time": 0.08, "range_min": 0.05, "range_max": 1.0, "ranges": [0.08226178586483002, 0.08137818425893784, 0.08051890879869461, 0.07972373068332672, 0.07894575595855713, 0.07823020219802856, 0.07752976566553116, 0.07688554376363754, 0.0762583389878273, 0.07567733526229858, 0.07511867582798004, 0.07458976656198502, 0.07409068197011948, 0.07362120598554611, 0.0731905847787857, 0.07277687638998032, 0.07238896191120148, 0.07202970236539841, 0.07169589400291443, 0.07138678431510925, 0.07110165804624557, 0.07083830237388611, 0.07060112059116364, 0.0703834742307663, 0.0701926052570343, 0.0700199231505394, 0.06987379491329193, 0.06974546611309052, 0.06964262574911118, 0.06955807656049728, 0.06949415802955627, 0.0694560632109642, 0.06943552196025848, 0.06943568587303162, 0.0694606602191925, 0.06950417160987854, 0.06956864893436432, 0.06965424120426178, 0.06976115703582764, 0.06989347189664841, 0.07004483044147491, 0.07021815329790115, 0.07041376084089279, 0.0706319734454155, 0.07087315618991852, 0.07113772630691528, 0.07142612338066101, 0.07173880189657211, 0.07207632064819336, 0.07243923097848892, 0.07282812893390656, 0.07324369996786118, 0.07368665933609009, 0.07415775954723358, 0.0746578574180603, 0.0751878023147583, 0.07574862241744995, 0.07634131610393524, 0.07696698606014252, 0.07762684673070908, 0.07832837849855423, 0.07906081527471542, 0.08026598393917084, 0.08017643541097641, 0.07890808582305908, 0.07674375176429749, 0.07471730560064316, 0.07281696051359177, 0.07103223353624344, 0.06935376673936844, 0.06777311116456985, 0.06628283113241196, 0.06487613916397095, 0.06354697048664093, 0.062289778143167496, 0.06109955161809921, 0.05997171998023987, 0.05890209227800369, 0.05788687989115715, 0.05692259967327118, 0.05600598454475403, 0.05513409897685051, 0.10705644637346268, 0.10931510478258133, 0.11169906705617905, 0.11422305554151535, 0.0, 0.0, 0.0, 0.0, 0.0, 0.0, 0.0, 0.0, 0.0, 0.0, 0.0, 0.0, 0.0, 0.0, 0.0, 0.0, 0.0, 0.0, 0.0, 0.0, 0.0, 0.0, 0.0, 0.0, 0.0, 0.0, 0.0, 0.0, 0.0, 0.0, 0.0, 0.0, 0.0, 0.0], "intensities": [100, 100, 100, 100, 100, 100, 100, 100, 100, 100, 100, 100, 100, 100, 100, 100, 100, 100, 100, 100, 100, 100, 100, 100, 100, 100, 100, 100, 100, 100, 100, 100, 100, 100, 100, 100, 100, 100, 100, 100, 100, 100, 100, 100, 100, 100, 100, 100, 100, 100, 100, 100, 100, 100, 100, 100, 100, 100, 100, 100, 100, 100, 100, 100, 100, 100, 100, 100, 100, 100, 100, 100, 100, 100, 100, 100, 100, 100, 100, 100, 100, 100, 100, 100, 100, 100, 0, 0, 0, 0, 0, 0, 0, 0, 0, 0, 0, 0, 0, 0, 0, 0, 0, 0, 0, 0, 0, 0, 0, 0, 0, 0, 0, 0, 0, 0, 0, 0, 0, 0], "angles": [-1.0472, -1.0297466666666666, -1.0122933333333333, -0.99484, -0.9773866666666666, -0.9599333333333333, -0.94248, -0.9250266666666666, -0.9075733333333332, -0.8901199999999999, -0.8726666666666666, -0.8552133333333333, -0.83776, -0.8203066666666666, -0.8028533333333333, -0.7853999999999999, -0.7679466666666666, -0.7504933333333332, -0.7330399999999999, -0.7155866666666666, -0.6981333333333333, -0.68068, -0.6632266666666666, -0.6457733333333333, -0.62832, -0.6108666666666667, -0.5934133333333333, -0.57596, -0.5585066666666667, -0.5410533333333333, -0.5236, -0.5061466666666666, -0.4886933333333333, -0.47124, -0.45378666666666667, -0.43633333333333335, -0.41888000000000003, -0.4014266666666667, -0.3839733333333333, -0.36651999999999996, -0.34906666666666664, -0.3316133333333333, -0.31416, -0.2967066666666667, -0.27925333333333335, -0.26180000000000003, -0.2443466666666667, -0.2268933333333334, -0.20944000000000007, -0.19198666666666664, -0.17453333333333332, -0.15708, -0.13962666666666668, -0.12217333333333336, -0.10472000000000004, -0.08726666666666671, -0.0698133333333334, -0.05236000000000007, -0.03490666666666664, -0.01745333333333332, 0.0, 0.01745333333333332, 0.03490666666666664, 0.05235999999999996, 0.06981333333333328, 0.0872666666666666, 0.10471999999999992, 0.12217333333333324, 0.13962666666666657, 0.1570799999999999, 0.1745333333333332, 0.19198666666666653, 0.20943999999999985, 0.22689333333333317, 0.2443466666666665, 0.26180000000000003, 0.27925333333333335, 0.2967066666666667, 0.31416, 0.3316133333333333, 0.34906666666666664, 0.36651999999999996, 0.3839733333333333, 0.4014266666666666, 0.4188799999999999, 0.43633333333333324, 0.45378666666666656, 0.4712399999999999, 0.4886933333333332, 0.5061466666666665, 0.5235999999999998, 0.5410533333333332, 0.5585066666666665, 0.5759599999999998, 0.5934133333333331, 0.6108666666666664, 0.6283199999999998, 0.6457733333333333, 0.6632266666666666, 0.68068, 0.6981333333333333, 0.7155866666666666, 0.7330399999999999, 0.7504933333333332, 0.7679466666666666, 0.7853999999999999, 0.8028533333333332, 0.8203066666666665, 0.8377599999999998, 0.8552133333333332, 0.8726666666666665, 0.8901199999999998, 0.9075733333333331, 0.9250266666666664, 0.9424799999999998, 0.9599333333333331, 0.9773866666666666, 0.9948399999999997, 1.0122933333333333, 1.0297466666666664]}}
