{"class": "PoseStamped", "topic_name": "/aruco", "timestamp": "1741099299.609578", "message": {"header": {"seq": 0, "stamp": 1741099299.760616, "frame_id": ""}, "pose": {"position": {"x": 0.3015674980820682, "y": 0.23893993942315084, "z": 0}, "orientation": {"x": 0.0, "y": 0.0, "z": 0.0041098377491738365, "w": 0.9999915545811752}}}}
{"class": "PoseStamped", "topic_name": "/aruco", "timestamp": "1741099300.510155", "message": {"header": {"seq": 0, "stamp": 1741099300.814856, "frame_id": ""}, "pose": {"position": {"x": 0.3015674980820682, "y": 0.23893993942315084, "z": 0}, "orientation": {"x": 0.0, "y": 0.0, "z": 0.0041098377491738365, "w": 0.9999915545811752}}}}
{"class": "PoseStamped", "topic_name": "/aruco", "timestamp": "1741099301.611574", "message": {"header": {"seq": 0, "stamp": 1741099301.881523, "frame_id": ""}, "pose": {"position": {"x": 0.3015674980820682, "y": 0.23893993942315084, "z": 0}, "orientation": {"x": 0.0, "y": 0.0, "z": 0.0041098377491738365, "w": 0.9999915545811752}}}}
{"class": "PoseStamped", "topic_name": "/aruco", "timestamp": "1741099302.810237", "message": {"header": {"seq": 0, "stamp": 1741099303.004308, "frame_id": ""}, "pose": {"position": {"x": 0.2802766613252481, "y": 0.21177117795378742, "z": 0}, "orientation": {"x": 0.0, "y": 0.0, "z": 0.000670409824025275, "w": 0.9999997752753087}}}}
{"class": "PoseStamped", "topic_name": "/aruco", "timestamp": "1741099303.809808", "message": {"header": {"seq": 0, "stamp": 1741099304.096157, "frame_id": ""}, "pose": {"position": {"x": 0.3015674980820682, "y": 0.23893993942315084, "z": 0}, "orientation": {"x": 0.0, "y": 0.0, "z": 0.0041098377491738365, "w": 0.9999915545811752}}}}
{"class": "PoseStamped", "topic_name": "/aruco", "timestamp": "1741099304.81173", "message": {"header": {"seq": 0, "stamp": 1741099305.100749, "frame_id": ""}, "pose": {"position": {"x": 0.2961916677713805, "y": 0.23031526645109057, "z": 0}, "orientation": {"x": 0.0, "y": 0.0, "z": 0.018691879229626233, "w": 0.9998252915639138}}}}
{"class": "PoseStamped", "topic_name": "/aruco", "timestamp": "1741099306.10999", "message": {"header": {"seq": 0, "stamp": 1741099306.129116, "frame_id": ""}, "pose": {"position": {"x": 0.2961916677713805, "y": 0.23031526645109057, "z": 0}, "orientation": {"x": 0.0, "y": 0.0, "z": 0.018691879229626233, "w": 0.9998252915639138}}}}
{"class": "PoseStamped", "topic_name": "/aruco", "timestamp": "1741099307.009816", "message": {"header": {"seq": 0, "stamp": 1741099307.192005, "frame_id": ""}, "pose": {"position": {"x": 0.3015674980820682, "y": 0.23893993942315084, "z": 0}, "orientation": {"x": 0.0, "y": 0.0, "z": 0.0041098377491738365, "w": 0.9999915545811752}}}}
{"class": "PoseStamped", "topic_name": "/aruco", "timestamp": "1741099308.010213", "message": {"header": {"seq": 0, "stamp": 1741099308.201926, "frame_id": ""}, "pose": {"position": {"x": 0.2802766613252481, "y": 0.21177117795378742, "z": 0}, "orientation": {"x": 0.0, "y": 0.0, "z": 0.000670409824025275, "w": 0.9999997752753087}}}}
{"class": "PoseStamped", "topic_name": "/aruco", "timestamp": "1741099309.010385", "message": {"header": {"seq": 0, "stamp": 1741099309.243841, "frame_id": ""}, "pose": {"position": {"x": 0.271771967461822, "y": 0.1989703518110868, "z": 0}, "orientation": {"x": 0.0, "y": 0.0, "z": 0.015556220513558436, "w": 0.9998789946805231}}}}
