{"class": "PoseStamped", "topic_name": "/aruco", "timestamp": "1741099455.300879", "message": {"header": {"seq": 0, "stamp": 1741099455.616682, "frame_id": ""}, "pose": {"position": {"x": 0.3520496305471916, "y": 0.7661036017454197, "z": 0}, "orientation": {"x": 0.0, "y": 0.0, "z": -0.00028751156155078765, "w": 0.9999999586685502}}}}
{"class": "PoseStamped", "topic_name": "/aruco", "timestamp": "1741099456.501444", "message": {"header": {"seq": 0, "stamp": 1741099456.733372, "frame_id": ""}, "pose": {"position": {"x": 0.3520496305471916, "y": 0.7661036017454197, "z": 0}, "orientation": {"x": 0.0, "y": 0.0, "z": -0.00028751156155078765, "w": 0.9999999586685502}}}}
{"class": "PoseStamped", "topic_name": "/aruco", "timestamp": "1741099457.501229", "message": {"header": {"seq": 0, "stamp": 1741099457.776298, "frame_id": ""}, "pose": {"position": {"x": 0.3520496305471916, "y": 0.7661036017454197, "z": 0}, "orientation": {"x": 0.0, "y": 0.0, "z": -0.00028751156155078765, "w": 0.9999999586685502}}}}
{"class": "PoseStamped", "topic_name": "/aruco", "timestamp": "1741099458.602355", "message": {"header": {"seq": 0, "stamp": 1741099458.835571, "frame_id": ""}, "pose": {"position": {"x": 0.3520496305471916, "y": 0.7661036017454197, "z": 0}, "orientation": {"x": 0.0, "y": 0.0, "z": -0.00028751156155078765, "w": 0.9999999586685502}}}}
{"class": "PoseStamped", "topic_name": "/aruco", "timestamp": "1741099459.605341", "message": {"header": {"seq": 0, "stamp": 1741099459.916012, "frame_id": ""}, "pose": {"position": {"x": 0.3520496305471916, "y": 0.7661036017454197, "z": 0}, "orientation": {"x": 0.0, "y": 0.0, "z": -0.00028751156155078765, "w": 0.9999999586685502}}}}
{"class": "PoseStamped", "topic_name": "/aruco", "timestamp": "1741099460.602343", "message": {"header": {"seq": 0, "stamp": 1741099460.900836, "frame_id": ""}, "pose": {"position": {"x": 0.3520496305471916, "y": 0.7661036017454197, "z": 0}, "orientation": {"x": 0.0, "y": 0.0, "z": -0.00028751156155078765, "w": 0.9999999586685502}}}}
{"class": "PoseStamped", "topic_name": "/aruco", "timestamp": "1741099461.701004", "message": {"header": {"seq": 0, "stamp": 1741099461.940509, "frame_id": ""}, "pose": {"position": {"x": 0.3520496305471916, "y": 0.7661036017454197, "z": 0}, "orientation": {"x": 0.0, "y": 0.0, "z": -0.00028751156155078765, "w": 0.9999999586685502}}}}
{"class": "PoseStamped", "topic_name": "/aruco", "timestamp": "1741099462.701282", "message": {"header": {"seq": 0, "stamp": 1741099462.964892, "frame_id": ""}, "pose": {"position": {"x": 0.3520496305471916, "y": 0.7661036017454197, "z": 0}, "orientation": {"x": 0.0, "y": 0.0, "z": -0.00028751156155078765, "w": 0.9999999586685502}}}}
{"class": "PoseStamped", "topic_name": "/aruco", "timestamp": "1741099463.801081", "message": {"header": {"seq": 0, "stamp": 1741099464.055827, "frame_id": ""}, "pose": {"position": {"x": 0.3520496305471916, "y": 0.7661036017454197, "z": 0}, "orientation": {"x": 0.0, "y": 0.0, "z": -0.00028751156155078765, "w": 0.9999999586685502}}}}
{"class": "PoseStamped", "topic_name": "/aruco", "timestamp": "1741099464.902237", "message": {"header": {"seq": 0, "stamp": 1741099465.127211, "frame_id": ""}, "pose": {"position": {"x": 0.3520496305471916, "y": 0.7661036017454197, "z": 0}, "orientation": {"x": 0.0, "y": 0.0, "z": -0.00028751156155078765, "w": 0.9999999586685502}}}}
{"class": "PoseStamped", "topic_name": "/aruco", "timestamp": "1741099465.900832", "message": {"header": {"seq": 0, "stamp": 1741099466.16113, "frame_id": ""}, "pose": {"position": {"x": 0.3520496305471916, "y": 0.7661036017454197, "z": 0}, "orientation": {"x": 0.0, "y": 0.0, "z": -0.00028751156155078765, "w": 0.9999999586685502}}}}
{"class": "PoseStamped", "topic_name": "/aruco", "timestamp": "1741099467.002211", "message": {"header": {"seq": 0, "stamp": 1741099467.243961, "frame_id": ""}, "pose": {"position": {"x": 0.3520496305471916, "y": 0.7661036017454197, "z": 0}, "orientation": {"x": 0.0, "y": 0.0, "z": -0.00028751156155078765, "w": 0.9999999586685502}}}}
{"class": "PoseStamped", "topic_name": "/aruco", "timestamp": "1741099468.000892", "message": {"header": {"seq": 0, "stamp": 1741099468.289593, "frame_id": ""}, "pose": {"position": {"x": 0.3520496305471916, "y": 0.7661036017454197, "z": 0}, "orientation": {"x": 0.0, "y": 0.0, "z": -0.00028751156155078765, "w": 0.9999999586685502}}}}
