{"class": "PoseStamped", "topic_name": "/aruco", "timestamp": "1742911153.63482", "message": {"header": {"seq": 0, "stamp": 1742911153.106513, "frame_id": ""}, "pose": {"position": {"x": 0.42446515947116836, "y": 0.31841174761618474, "z": 0}, "orientation": {"x": 0.0, "y": 0.0, "z": -0.8483156744283156, "w": 0.5294908087202572}}}}
{"class": "PoseStamped", "topic_name": "/aruco", "timestamp": "1742911154.635175", "message": {"header": {"seq": 0, "stamp": 1742911154.104354, "frame_id": ""}, "pose": {"position": {"x": 0.4284209233692783, "y": 0.3255304031136921, "z": 0}, "orientation": {"x": 0.0, "y": 0.0, "z": -0.8642433456601165, "w": 0.5030739900672746}}}}
{"class": "PoseStamped", "topic_name": "/aruco", "timestamp": "1742911155.736429", "message": {"header": {"seq": 0, "stamp": 1742911155.203744, "frame_id": ""}, "pose": {"position": {"x": 0.412350863544209, "y": 0.29864017220267347, "z": 0}, "orientation": {"x": 0.0, "y": 0.0, "z": -0.8344899323229, "w": 0.5510231872178536}}}}
{"class": "PoseStamped", "topic_name": "/aruco", "timestamp": "1742911156.834879", "message": {"header": {"seq": 0, "stamp": 1742911156.261177, "frame_id": ""}, "pose": {"position": {"x": 0.412350863544209, "y": 0.29864017220267347, "z": 0}, "orientation": {"x": 0.0, "y": 0.0, "z": -0.8344899323229, "w": 0.5510231872178536}}}}
{"class": "PoseStamped", "topic_name": "/aruco", "timestamp": "1742911157.834926", "message": {"header": {"seq": 0, "stamp": 1742911157.262031, "frame_id": ""}, "pose": {"position": {"x": 0.412350863544209, "y": 0.29864017220267347, "z": 0}, "orientation": {"x": 0.0, "y": 0.0, "z": -0.8344899323229, "w": 0.5510231872178536}}}}
{"class": "PoseStamped", "topic_name": "/aruco", "timestamp": "1742911158.83496", "message": {"header": {"seq": 0, "stamp": 1742911158.295346, "frame_id": ""}, "pose": {"position": {"x": 0.412350863544209, "y": 0.29864017220267347, "z": 0}, "orientation": {"x": 0.0, "y": 0.0, "z": -0.8344899323229, "w": 0.5510231872178536}}}}
{"class": "PoseStamped", "topic_name": "/aruco", "timestamp": "1742911159.938001", "message": {"header": {"seq": 0, "stamp": 1742911159.37859, "frame_id": ""}, "pose": {"position": {"x": 0.412350863544209, "y": 0.29864017220267347, "z": 0}, "orientation": {"x": 0.0, "y": 0.0, "z": -0.8344899323229, "w": 0.5510231872178536}}}}
{"class": "PoseStamped", "topic_name": "/aruco", "timestamp": "1742911161.035384", "message": {"header": {"seq": 0, "stamp": 1742911160.465603, "frame_id": ""}, "pose": {"position": {"x": 0.42446515947116836, "y": 0.31841174761618474, "z": 0}, "orientation": {"x": 0.0, "y": 0.0, "z": -0.8483156744283156, "w": 0.5294908087202572}}}}
{"class": "PoseStamped", "topic_name": "/aruco", "timestamp": "1742911162.035431", "message": {"header": {"seq": 0, "stamp": 1742911161.544434, "frame_id": ""}, "pose": {"position": {"x": 0.4284209233692783, "y": 0.3255304031136921, "z": 0}, "orientation": {"x": 0.0, "y": 0.0, "z": -0.8642433456601165, "w": 0.5030739900672746}}}}
{"class": "PoseStamped", "topic_name": "/aruco", "timestamp": "1742911163.135292", "message": {"header": {"seq": 0, "stamp": 1742911162.576982, "frame_id": ""}, "pose": {"position": {"x": 0.4427107646302285, "y": 0.3471354249862941, "z": 0}, "orientation": {"x": 0.0, "y": 0.0, "z": -0.741122164465764, "w": 0.6713701939597715}}}}
{"class": "PoseStamped", "topic_name": "/aruco", "timestamp": "1742911164.136525", "message": {"header": {"seq": 0, "stamp": 1742911163.580339, "frame_id": ""}, "pose": {"position": {"x": 0.4468338748348688, "y": 0.35532106409426345, "z": 0}, "orientation": {"x": 0.0, "y": 0.0, "z": -0.7515441187537094, "w": 0.659682831038303}}}}
{"class": "PoseStamped", "topic_name": "/aruco", "timestamp": "1742911165.135248", "message": {"header": {"seq": 0, "stamp": 1742911164.61491, "frame_id": ""}, "pose": {"position": {"x": 0.4427107646302285, "y": 0.3471354249862941, "z": 0}, "orientation": {"x": 0.0, "y": 0.0, "z": -0.741122164465764, "w": 0.6713701939597715}}}}
{"class": "PoseStamped", "topic_name": "/aruco", "timestamp": "1742911166.235138", "message": {"header": {"seq": 0, "stamp": 1742911165.664395, "frame_id": ""}, "pose": {"position": {"x": 0.4284209233692783, "y": 0.3255304031136921, "z": 0}, "orientation": {"x": 0.0, "y": 0.0, "z": -0.8642433456601165, "w": 0.5030739900672746}}}}
{"class": "PoseStamped", "topic_name": "/aruco", "timestamp": "1742911167.235176", "message": {"header": {"seq": 0, "stamp": 1742911166.733823, "frame_id": ""}, "pose": {"position": {"x": 0.42446515947116836, "y": 0.31841174761618474, "z": 0}, "orientation": {"x": 0.0, "y": 0.0, "z": -0.8483156744283156, "w": 0.5294908087202572}}}}
{"class": "PoseStamped", "topic_name": "/aruco", "timestamp": "1742911168.337073", "message": {"header": {"seq": 0, "stamp": 1742911167.789935, "frame_id": ""}, "pose": {"position": {"x": 0.4284209233692783, "y": 0.3255304031136921, "z": 0}, "orientation": {"x": 0.0, "y": 0.0, "z": -0.8642433456601165, "w": 0.5030739900672746}}}}
{"class": "PoseStamped", "topic_name": "/aruco", "timestamp": "1742911169.435398", "message": {"header": {"seq": 0, "stamp": 1742911168.844699, "frame_id": ""}, "pose": {"position": {"x": 0.4284209233692783, "y": 0.3255304031136921, "z": 0}, "orientation": {"x": 0.0, "y": 0.0, "z": -0.8642433456601165, "w": 0.5030739900672746}}}}
{"class": "PoseStamped", "topic_name": "/aruco", "timestamp": "1742911170.435877", "message": {"header": {"seq": 0, "stamp": 1742911169.869625, "frame_id": ""}, "pose": {"position": {"x": 0.4427107646302285, "y": 0.3471354249862941, "z": 0}, "orientation": {"x": 0.0, "y": 0.0, "z": -0.741122164465764, "w": 0.6713701939597715}}}}
