{"class": "PoseStamped", "topic_name": "/aruco", "timestamp": "1741099390.311792", "message": {"header": {"seq": 0, "stamp": 1741099390.593703, "frame_id": ""}, "pose": {"position": {"x": -0.08416648717839759, "y": -0.1289732457219217, "z": 0}, "orientation": {"x": 0.0, "y": 0.0, "z": -0.08336485295562998, "w": 0.9965190922865884}}}}
{"class": "PoseStamped", "topic_name": "/aruco", "timestamp": "1741099392.41083", "message": {"header": {"seq": 0, "stamp": 1741099392.711556, "frame_id": ""}, "pose": {"position": {"x": 0.1629045324882752, "y": 0.17800267714770968, "z": 0}, "orientation": {"x": 0.0, "y": 0.0, "z": 0.0058239401622212665, "w": 0.9999830407166848}}}}
{"class": "PoseStamped", "topic_name": "/aruco", "timestamp": "1741099393.510942", "message": {"header": {"seq": 0, "stamp": 1741099393.75071, "frame_id": ""}, "pose": {"position": {"x": 0.1629045324882752, "y": 0.17800267714770968, "z": 0}, "orientation": {"x": 0.0, "y": 0.0, "z": 0.0058239401622212665, "w": 0.9999830407166848}}}}
{"class": "PoseStamped", "topic_name": "/aruco", "timestamp": "1741099394.511034", "message": {"header": {"seq": 0, "stamp": 1741099394.76165, "frame_id": ""}, "pose": {"position": {"x": 0.1629045324882752, "y": 0.17800267714770968, "z": 0}, "orientation": {"x": 0.0, "y": 0.0, "z": 0.0058239401622212665, "w": 0.9999830407166848}}}}
{"class": "PoseStamped", "topic_name": "/aruco", "timestamp": "1741099395.511282", "message": {"header": {"seq": 0, "stamp": 1741099395.777976, "frame_id": ""}, "pose": {"position": {"x": -0.08416648717839759, "y": -0.1289732457219217, "z": 0}, "orientation": {"x": 0.0, "y": 0.0, "z": -0.08336485295562998, "w": 0.9965190922865884}}}}
