{"class": "PoseStamped", "topic_name": "/aruco", "timestamp": "1742911000.730145", "message": {"header": {"seq": 0, "stamp": 1742911000.216957, "frame_id": ""}, "pose": {"position": {"x": 0.4192659208525996, "y": 0.7835868294466302, "z": 0}, "orientation": {"x": 0.0, "y": 0.0, "z": -0.9160410712024434, "w": 0.40108447473104725}}}}
{"class": "PoseStamped", "topic_name": "/aruco", "timestamp": "1742911001.828992", "message": {"header": {"seq": 0, "stamp": 1742911001.239252, "frame_id": ""}, "pose": {"position": {"x": 0.4192659208525996, "y": 0.7835868294466302, "z": 0}, "orientation": {"x": 0.0, "y": 0.0, "z": -0.9160410712024434, "w": 0.40108447473104725}}}}
{"class": "PoseStamped", "topic_name": "/aruco", "timestamp": "1742911002.92978", "message": {"header": {"seq": 0, "stamp": 1742911002.309469, "frame_id": ""}, "pose": {"position": {"x": 0.4192659208525996, "y": 0.7835868294466302, "z": 0}, "orientation": {"x": 0.0, "y": 0.0, "z": -0.9160410712024434, "w": 0.40108447473104725}}}}
{"class": "PoseStamped", "topic_name": "/aruco", "timestamp": "1742911003.933053", "message": {"header": {"seq": 0, "stamp": 1742911003.354735, "frame_id": ""}, "pose": {"position": {"x": 0.4192659208525996, "y": 0.7835868294466302, "z": 0}, "orientation": {"x": 0.0, "y": 0.0, "z": -0.9160410712024434, "w": 0.40108447473104725}}}}
{"class": "PoseStamped", "topic_name": "/aruco", "timestamp": "1742911004.928251", "message": {"header": {"seq": 0, "stamp": 1742911004.387384, "frame_id": ""}, "pose": {"position": {"x": 0.4192659208525996, "y": 0.7835868294466302, "z": 0}, "orientation": {"x": 0.0, "y": 0.0, "z": -0.9160410712024434, "w": 0.40108447473104725}}}}
{"class": "PoseStamped", "topic_name": "/aruco", "timestamp": "1742911006.02824", "message": {"header": {"seq": 0, "stamp": 1742911005.476699, "frame_id": ""}, "pose": {"position": {"x": 0.4192659208525996, "y": 0.7835868294466302, "z": 0}, "orientation": {"x": 0.0, "y": 0.0, "z": -0.9160410712024434, "w": 0.40108447473104725}}}}
{"class": "PoseStamped", "topic_name": "/aruco", "timestamp": "1742911007.12961", "message": {"header": {"seq": 0, "stamp": 1742911006.608661, "frame_id": ""}, "pose": {"position": {"x": 0.4192659208525996, "y": 0.7835868294466302, "z": 0}, "orientation": {"x": 0.0, "y": 0.0, "z": -0.9160410712024434, "w": 0.40108447473104725}}}}
