{"class": "PoseStamped", "topic_name": "/aruco", "timestamp": "1741099437.340314", "message": {"header": {"seq": 0, "stamp": 1741099437.652569, "frame_id": ""}, "pose": {"position": {"x": 0.34083196682296646, "y": 0.46618633267558174, "z": 0}, "orientation": {"x": 0.0, "y": 0.0, "z": 0.021014900124405236, "w": 0.9997791626018024}}}}
{"class": "PoseStamped", "topic_name": "/aruco", "timestamp": "1741099438.440201", "message": {"header": {"seq": 0, "stamp": 1741099438.727921, "frame_id": ""}, "pose": {"position": {"x": 0.34083196682296646, "y": 0.46618633267558174, "z": 0}, "orientation": {"x": 0.0, "y": 0.0, "z": 0.021014900124405236, "w": 0.9997791626018024}}}}
{"class": "PoseStamped", "topic_name": "/aruco", "timestamp": "1741099439.53999", "message": {"header": {"seq": 0, "stamp": 1741099439.779175, "frame_id": ""}, "pose": {"position": {"x": 0.36251535062718343, "y": 0.4954558176882242, "z": 0}, "orientation": {"x": 0.0, "y": 0.0, "z": 0.023812316078829412, "w": 0.9997164466002157}}}}
{"class": "PoseStamped", "topic_name": "/aruco", "timestamp": "1741099440.640096", "message": {"header": {"seq": 0, "stamp": 1741099440.87779, "frame_id": ""}, "pose": {"position": {"x": 0.34083196682296646, "y": 0.46618633267558174, "z": 0}, "orientation": {"x": 0.0, "y": 0.0, "z": 0.021014900124405236, "w": 0.9997791626018024}}}}
{"class": "PoseStamped", "topic_name": "/aruco", "timestamp": "1741099441.640173", "message": {"header": {"seq": 0, "stamp": 1741099441.90529, "frame_id": ""}, "pose": {"position": {"x": 0.36312419677654995, "y": 0.4918890916254881, "z": 0}, "orientation": {"x": 0.0, "y": 0.0, "z": 0.024105731040382845, "w": 0.9997094146455803}}}}
{"class": "PoseStamped", "topic_name": "/aruco", "timestamp": "1741099442.739998", "message": {"header": {"seq": 0, "stamp": 1741099442.959093, "frame_id": ""}, "pose": {"position": {"x": 0.34083196682296646, "y": 0.46618633267558174, "z": 0}, "orientation": {"x": 0.0, "y": 0.0, "z": 0.021014900124405236, "w": 0.9997791626018024}}}}
{"class": "PoseStamped", "topic_name": "/aruco", "timestamp": "1741099443.74052", "message": {"header": {"seq": 0, "stamp": 1741099443.996267, "frame_id": ""}, "pose": {"position": {"x": 0.34021954010262134, "y": 0.4698209366551864, "z": 0}, "orientation": {"x": 0.0, "y": 0.0, "z": 0.020752331202855724, "w": 0.9997846471864064}}}}
{"class": "PoseStamped", "topic_name": "/aruco", "timestamp": "1741099445.841369", "message": {"header": {"seq": 0, "stamp": 1741099446.130986, "frame_id": ""}, "pose": {"position": {"x": 0.35194552939926704, "y": 0.7690467502822524, "z": 0}, "orientation": {"x": 0.0, "y": 0.0, "z": -0.21578437935686473, "w": 0.9764410384788078}}}}
{"class": "PoseStamped", "topic_name": "/aruco", "timestamp": "1741099447.044475", "message": {"header": {"seq": 0, "stamp": 1741099447.274599, "frame_id": ""}, "pose": {"position": {"x": 0.3520496305471916, "y": 0.7661036017454197, "z": 0}, "orientation": {"x": 0.0, "y": 0.0, "z": -0.00028751156155078765, "w": 0.9999999586685502}}}}
{"class": "PoseStamped", "topic_name": "/aruco", "timestamp": "1741099448.040416", "message": {"header": {"seq": 0, "stamp": 1741099448.325458, "frame_id": ""}, "pose": {"position": {"x": 0.3520496305471916, "y": 0.7661036017454197, "z": 0}, "orientation": {"x": 0.0, "y": 0.0, "z": -0.00028751156155078765, "w": 0.9999999586685502}}}}
{"class": "PoseStamped", "topic_name": "/aruco", "timestamp": "1741099449.13993", "message": {"header": {"seq": 0, "stamp": 1741099449.402334, "frame_id": ""}, "pose": {"position": {"x": 0.3520496305471916, "y": 0.7661036017454197, "z": 0}, "orientation": {"x": 0.0, "y": 0.0, "z": -0.00028751156155078765, "w": 0.9999999586685502}}}}
