{"class": "PoseStamped", "topic_name": "/aruco", "timestamp": "1741099402.818389", "message": {"header": {"seq": 0, "stamp": 1741099403.046575, "frame_id": ""}, "pose": {"position": {"x": 0.3407112792807545, "y": 0.47259339814968016, "z": 0}, "orientation": {"x": 0.0, "y": 0.0, "z": 0.021246904222208457, "w": 0.9997742590509981}}}}
{"class": "PoseStamped", "topic_name": "/aruco", "timestamp": "1741099403.819867", "message": {"header": {"seq": 0, "stamp": 1741099404.077609, "frame_id": ""}, "pose": {"position": {"x": 0.3407112792807545, "y": 0.47259339814968016, "z": 0}, "orientation": {"x": 0.0, "y": 0.0, "z": 0.021246904222208457, "w": 0.9997742590509981}}}}
{"class": "PoseStamped", "topic_name": "/aruco", "timestamp": "1741099404.818674", "message": {"header": {"seq": 0, "stamp": 1741099405.100723, "frame_id": ""}, "pose": {"position": {"x": 0.3407112792807545, "y": 0.47259339814968016, "z": 0}, "orientation": {"x": 0.0, "y": 0.0, "z": 0.021246904222208457, "w": 0.9997742590509981}}}}
{"class": "PoseStamped", "topic_name": "/aruco", "timestamp": "1741099405.819928", "message": {"header": {"seq": 0, "stamp": 1741099406.133106, "frame_id": ""}, "pose": {"position": {"x": 0.3442448075812019, "y": 0.4757107516000001, "z": 0}, "orientation": {"x": 0.0, "y": 0.0, "z": 0.01376154255470734, "w": 0.9999053054897323}}}}
{"class": "PoseStamped", "topic_name": "/aruco", "timestamp": "1741099406.91876", "message": {"header": {"seq": 0, "stamp": 1741099407.18059, "frame_id": ""}, "pose": {"position": {"x": 0.3407112792807545, "y": 0.47259339814968016, "z": 0}, "orientation": {"x": 0.0, "y": 0.0, "z": 0.021246904222208457, "w": 0.9997742590509981}}}}
{"class": "PoseStamped", "topic_name": "/aruco", "timestamp": "1741099407.91902", "message": {"header": {"seq": 0, "stamp": 1741099408.231024, "frame_id": ""}, "pose": {"position": {"x": 0.3407112792807545, "y": 0.47259339814968016, "z": 0}, "orientation": {"x": 0.0, "y": 0.0, "z": 0.021246904222208457, "w": 0.9997742590509981}}}}
{"class": "PoseStamped", "topic_name": "/aruco", "timestamp": "1741099408.918691", "message": {"header": {"seq": 0, "stamp": 1741099409.235301, "frame_id": ""}, "pose": {"position": {"x": 0.3407112792807545, "y": 0.47259339814968016, "z": 0}, "orientation": {"x": 0.0, "y": 0.0, "z": 0.021246904222208457, "w": 0.9997742590509981}}}}
{"class": "PoseStamped", "topic_name": "/aruco", "timestamp": "1741099410.018752", "message": {"header": {"seq": 0, "stamp": 1741099410.321039, "frame_id": ""}, "pose": {"position": {"x": 0.3442448075812019, "y": 0.4757107516000001, "z": 0}, "orientation": {"x": 0.0, "y": 0.0, "z": 0.01376154255470734, "w": 0.9999053054897323}}}}
