{"class": "PoseStamped", "topic_name": "/aruco", "timestamp": "1741098307.958011", "message": {"header": {"seq": 0, "stamp": 1741098308.145339, "frame_id": ""}, "pose": {"position": {"x": 0.400558896168846, "y": 0.6297177991634091, "z": 0}, "orientation": {"x": 0.0, "y": 0.0, "z": -0.06978268660179288, "w": 0.9975622169321751}}}}
{"class": "PoseStamped", "topic_name": "/aruco", "timestamp": "1741098308.958414", "message": {"header": {"seq": 0, "stamp": 1741098309.27092, "frame_id": ""}, "pose": {"position": {"x": 0.400558896168846, "y": 0.6297177991634091, "z": 0}, "orientation": {"x": 0.0, "y": 0.0, "z": -0.06978268660179288, "w": 0.9975622169321751}}}}
{"class": "PoseStamped", "topic_name": "/aruco", "timestamp": "1741098310.058632", "message": {"header": {"seq": 0, "stamp": 1741098310.331317, "frame_id": ""}, "pose": {"position": {"x": 0.400558896168846, "y": 0.6297177991634091, "z": 0}, "orientation": {"x": 0.0, "y": 0.0, "z": -0.06978268660179288, "w": 0.9975622169321751}}}}
{"class": "PoseStamped", "topic_name": "/aruco", "timestamp": "1741098311.058565", "message": {"header": {"seq": 0, "stamp": 1741098311.359191, "frame_id": ""}, "pose": {"position": {"x": 0.400558896168846, "y": 0.6297177991634091, "z": 0}, "orientation": {"x": 0.0, "y": 0.0, "z": -0.06978268660179288, "w": 0.9975622169321751}}}}
{"class": "PoseStamped", "topic_name": "/aruco", "timestamp": "1741098312.158202", "message": {"header": {"seq": 0, "stamp": 1741098312.379236, "frame_id": ""}, "pose": {"position": {"x": 0.400558896168846, "y": 0.6297177991634091, "z": 0}, "orientation": {"x": 0.0, "y": 0.0, "z": -0.06978268660179288, "w": 0.9975622169321751}}}}
{"class": "PoseStamped", "topic_name": "/aruco", "timestamp": "1741098313.158223", "message": {"header": {"seq": 0, "stamp": 1741098313.384351, "frame_id": ""}, "pose": {"position": {"x": 0.400558896168846, "y": 0.6297177991634091, "z": 0}, "orientation": {"x": 0.0, "y": 0.0, "z": -0.06978268660179288, "w": 0.9975622169321751}}}}
{"class": "PoseStamped", "topic_name": "/aruco", "timestamp": "1741098314.258234", "message": {"header": {"seq": 0, "stamp": 1741098314.480272, "frame_id": ""}, "pose": {"position": {"x": 0.400558896168846, "y": 0.6297177991634091, "z": 0}, "orientation": {"x": 0.0, "y": 0.0, "z": -0.06978268660179288, "w": 0.9975622169321751}}}}
{"class": "PoseStamped", "topic_name": "/aruco", "timestamp": "1741098315.258903", "message": {"header": {"seq": 0, "stamp": 1741098315.482713, "frame_id": ""}, "pose": {"position": {"x": 0.400558896168846, "y": 0.6297177991634091, "z": 0}, "orientation": {"x": 0.0, "y": 0.0, "z": -0.06978268660179288, "w": 0.9975622169321751}}}}
{"class": "PoseStamped", "topic_name": "/aruco", "timestamp": "1741098316.358485", "message": {"header": {"seq": 0, "stamp": 1741098316.487681, "frame_id": ""}, "pose": {"position": {"x": 0.400558896168846, "y": 0.6297177991634091, "z": 0}, "orientation": {"x": 0.0, "y": 0.0, "z": -0.06978268660179288, "w": 0.9975622169321751}}}}
{"class": "PoseStamped", "topic_name": "/aruco", "timestamp": "1741098317.258242", "message": {"header": {"seq": 0, "stamp": 1741098317.509429, "frame_id": ""}, "pose": {"position": {"x": 0.400558896168846, "y": 0.6297177991634091, "z": 0}, "orientation": {"x": 0.0, "y": 0.0, "z": -0.06978268660179288, "w": 0.9975622169321751}}}}
{"class": "PoseStamped", "topic_name": "/aruco", "timestamp": "1741098318.258539", "message": {"header": {"seq": 0, "stamp": 1741098318.557987, "frame_id": ""}, "pose": {"position": {"x": 0.400558896168846, "y": 0.6297177991634091, "z": 0}, "orientation": {"x": 0.0, "y": 0.0, "z": -0.06978268660179288, "w": 0.9975622169321751}}}}
{"class": "PoseStamped", "topic_name": "/aruco", "timestamp": "1741098319.358603", "message": {"header": {"seq": 0, "stamp": 1741098319.643258, "frame_id": ""}, "pose": {"position": {"x": 0.400558896168846, "y": 0.6297177991634091, "z": 0}, "orientation": {"x": 0.0, "y": 0.0, "z": -0.06978268660179288, "w": 0.9975622169321751}}}}
{"class": "PoseStamped", "topic_name": "/aruco", "timestamp": "1741098320.458376", "message": {"header": {"seq": 0, "stamp": 1741098320.698388, "frame_id": ""}, "pose": {"position": {"x": 0.400558896168846, "y": 0.6297177991634091, "z": 0}, "orientation": {"x": 0.0, "y": 0.0, "z": -0.06978268660179288, "w": 0.9975622169321751}}}}
