{"class": "PoseStamped", "topic_name": "/aruco", "timestamp": "1742911055.981163", "message": {"header": {"seq": 0, "stamp": 1742911055.457531, "frame_id": ""}, "pose": {"position": {"x": 0.4092379072482861, "y": 0.7738654396766584, "z": 0}, "orientation": {"x": 0.0, "y": 0.0, "z": -0.914069498710897, "w": 0.4055575810244575}}}}
{"class": "PoseStamped", "topic_name": "/aruco", "timestamp": "1742911056.983287", "message": {"header": {"seq": 0, "stamp": 1742911056.465278, "frame_id": ""}, "pose": {"position": {"x": 0.4092379072482861, "y": 0.7738654396766584, "z": 0}, "orientation": {"x": 0.0, "y": 0.0, "z": -0.914069498710897, "w": 0.4055575810244575}}}}
{"class": "PoseStamped", "topic_name": "/aruco", "timestamp": "1742911058.080841", "message": {"header": {"seq": 0, "stamp": 1742911057.563111, "frame_id": ""}, "pose": {"position": {"x": 0.4192659208525996, "y": 0.7835868294466302, "z": 0}, "orientation": {"x": 0.0, "y": 0.0, "z": -0.9160410712024434, "w": 0.40108447473104725}}}}
{"class": "PoseStamped", "topic_name": "/aruco", "timestamp": "1742911059.181099", "message": {"header": {"seq": 0, "stamp": 1742911058.627747, "frame_id": ""}, "pose": {"position": {"x": 0.4092379072482861, "y": 0.7738654396766584, "z": 0}, "orientation": {"x": 0.0, "y": 0.0, "z": -0.914069498710897, "w": 0.4055575810244575}}}}
{"class": "PoseStamped", "topic_name": "/aruco", "timestamp": "1742911060.180955", "message": {"header": {"seq": 0, "stamp": 1742911059.656949, "frame_id": ""}, "pose": {"position": {"x": 0.4092379072482861, "y": 0.7738654396766584, "z": 0}, "orientation": {"x": 0.0, "y": 0.0, "z": -0.914069498710897, "w": 0.4055575810244575}}}}
{"class": "PoseStamped", "topic_name": "/aruco", "timestamp": "1742911061.281501", "message": {"header": {"seq": 0, "stamp": 1742911060.697994, "frame_id": ""}, "pose": {"position": {"x": 0.4092379072482861, "y": 0.7738654396766584, "z": 0}, "orientation": {"x": 0.0, "y": 0.0, "z": -0.914069498710897, "w": 0.4055575810244575}}}}
{"class": "PoseStamped", "topic_name": "/aruco", "timestamp": "1742911062.280752", "message": {"header": {"seq": 0, "stamp": 1742911061.69822, "frame_id": ""}, "pose": {"position": {"x": 0.4092379072482861, "y": 0.7738654396766584, "z": 0}, "orientation": {"x": 0.0, "y": 0.0, "z": -0.914069498710897, "w": 0.4055575810244575}}}}
{"class": "PoseStamped", "topic_name": "/aruco", "timestamp": "1742911063.282558", "message": {"header": {"seq": 0, "stamp": 1742911062.758839, "frame_id": ""}, "pose": {"position": {"x": 0.4092379072482861, "y": 0.7738654396766584, "z": 0}, "orientation": {"x": 0.0, "y": 0.0, "z": -0.914069498710897, "w": 0.4055575810244575}}}}
{"class": "PoseStamped", "topic_name": "/aruco", "timestamp": "1742911064.380734", "message": {"header": {"seq": 0, "stamp": 1742911063.841782, "frame_id": ""}, "pose": {"position": {"x": 0.4092379072482861, "y": 0.7738654396766584, "z": 0}, "orientation": {"x": 0.0, "y": 0.0, "z": -0.914069498710897, "w": 0.4055575810244575}}}}
{"class": "PoseStamped", "topic_name": "/aruco", "timestamp": "1742911065.481528", "message": {"header": {"seq": 0, "stamp": 1742911064.919469, "frame_id": ""}, "pose": {"position": {"x": 0.4092379072482861, "y": 0.7738654396766584, "z": 0}, "orientation": {"x": 0.0, "y": 0.0, "z": -0.914069498710897, "w": 0.4055575810244575}}}}
{"class": "PoseStamped", "topic_name": "/aruco", "timestamp": "1742911066.481156", "message": {"header": {"seq": 0, "stamp": 1742911065.995689, "frame_id": ""}, "pose": {"position": {"x": 0.4092379072482861, "y": 0.7738654396766584, "z": 0}, "orientation": {"x": 0.0, "y": 0.0, "z": -0.914069498710897, "w": 0.4055575810244575}}}}
{"class": "PoseStamped", "topic_name": "/aruco", "timestamp": "1742911067.583444", "message": {"header": {"seq": 0, "stamp": 1742911067.088982, "frame_id": ""}, "pose": {"position": {"x": 0.4092379072482861, "y": 0.7738654396766584, "z": 0}, "orientation": {"x": 0.0, "y": 0.0, "z": -0.914069498710897, "w": 0.4055575810244575}}}}
{"class": "PoseStamped", "topic_name": "/aruco", "timestamp": "1742911068.681412", "message": {"header": {"seq": 0, "stamp": 1742911068.127695, "frame_id": ""}, "pose": {"position": {"x": 0.4092379072482861, "y": 0.7738654396766584, "z": 0}, "orientation": {"x": 0.0, "y": 0.0, "z": -0.914069498710897, "w": 0.4055575810244575}}}}
{"class": "PoseStamped", "topic_name": "/aruco", "timestamp": "1742911069.681095", "message": {"header": {"seq": 0, "stamp": 1742911069.148389, "frame_id": ""}, "pose": {"position": {"x": 0.4092379072482861, "y": 0.7738654396766584, "z": 0}, "orientation": {"x": 0.0, "y": 0.0, "z": -0.914069498710897, "w": 0.4055575810244575}}}}
{"class": "PoseStamped", "topic_name": "/aruco", "timestamp": "1742911070.681425", "message": {"header": {"seq": 0, "stamp": 1742911070.181149, "frame_id": ""}, "pose": {"position": {"x": 0.4092379072482861, "y": 0.7738654396766584, "z": 0}, "orientation": {"x": 0.0, "y": 0.0, "z": -0.914069498710897, "w": 0.4055575810244575}}}}
{"class": "PoseStamped", "topic_name": "/aruco", "timestamp": "1742911071.781271", "message": {"header": {"seq": 0, "stamp": 1742911071.25287, "frame_id": ""}, "pose": {"position": {"x": 0.4192659208525996, "y": 0.7835868294466302, "z": 0}, "orientation": {"x": 0.0, "y": 0.0, "z": -0.9160410712024434, "w": 0.40108447473104725}}}}
{"class": "PoseStamped", "topic_name": "/aruco", "timestamp": "1742911072.881043", "message": {"header": {"seq": 0, "stamp": 1742911072.328833, "frame_id": ""}, "pose": {"position": {"x": 0.4092379072482861, "y": 0.7738654396766584, "z": 0}, "orientation": {"x": 0.0, "y": 0.0, "z": -0.914069498710897, "w": 0.4055575810244575}}}}
{"class": "PoseStamped", "topic_name": "/aruco", "timestamp": "1742911073.981727", "message": {"header": {"seq": 0, "stamp": 1742911073.431919, "frame_id": ""}, "pose": {"position": {"x": 0.4192659208525996, "y": 0.7835868294466302, "z": 0}, "orientation": {"x": 0.0, "y": 0.0, "z": -0.9160410712024434, "w": 0.40108447473104725}}}}
{"class": "PoseStamped", "topic_name": "/aruco", "timestamp": "1742911075.081113", "message": {"header": {"seq": 0, "stamp": 1742911074.532084, "frame_id": ""}, "pose": {"position": {"x": 0.43872902826347004, "y": 0.40932842294227023, "z": 0}, "orientation": {"x": 0.0, "y": 0.0, "z": -0.8872604574195223, "w": 0.46126877273418376}}}}
{"class": "PoseStamped", "topic_name": "/aruco", "timestamp": "1742911076.181283", "message": {"header": {"seq": 0, "stamp": 1742911075.600499, "frame_id": ""}, "pose": {"position": {"x": 0.42412789323614875, "y": 0.31617963032636887, "z": 0}, "orientation": {"x": 0.0, "y": 0.0, "z": -0.7541158405815275, "w": 0.6567414247510326}}}}
{"class": "PoseStamped", "topic_name": "/aruco", "timestamp": "1742911077.281144", "message": {"header": {"seq": 0, "stamp": 1742911076.698309, "frame_id": ""}, "pose": {"position": {"x": 0.412350863544209, "y": 0.29864017220267347, "z": 0}, "orientation": {"x": 0.0, "y": 0.0, "z": -0.8344899323229, "w": 0.5510231872178536}}}}
{"class": "PoseStamped", "topic_name": "/aruco", "timestamp": "1742911078.281242", "message": {"header": {"seq": 0, "stamp": 1742911077.789271, "frame_id": ""}, "pose": {"position": {"x": 0.412350863544209, "y": 0.29864017220267347, "z": 0}, "orientation": {"x": 0.0, "y": 0.0, "z": -0.8344899323229, "w": 0.5510231872178536}}}}
{"class": "PoseStamped", "topic_name": "/aruco", "timestamp": "1742911079.383471", "message": {"header": {"seq": 0, "stamp": 1742911078.892387, "frame_id": ""}, "pose": {"position": {"x": 0.412350863544209, "y": 0.29864017220267347, "z": 0}, "orientation": {"x": 0.0, "y": 0.0, "z": -0.8344899323229, "w": 0.5510231872178536}}}}
{"class": "PoseStamped", "topic_name": "/aruco", "timestamp": "1742911080.381107", "message": {"header": {"seq": 0, "stamp": 1742911079.892305, "frame_id": ""}, "pose": {"position": {"x": 0.412350863544209, "y": 0.29864017220267347, "z": 0}, "orientation": {"x": 0.0, "y": 0.0, "z": -0.8344899323229, "w": 0.5510231872178536}}}}
{"class": "PoseStamped", "topic_name": "/aruco",