{"class": "PoseStamped", "topic_name": "/aruco", "timestamp": "1742910973.01841", "message": {"header": {"seq": 0, "stamp": 1742910972.478193, "frame_id": ""}, "pose": {"position": {"x": 0.4192659208525996, "y": 0.7835868294466302, "z": 0}, "orientation": {"x": 0.0, "y": 0.0, "z": -0.9160410712024434, "w": 0.40108447473104725}}}}
{"class": "PoseStamped", "topic_name": "/aruco", "timestamp": "1742910974.016871", "message": {"header": {"seq": 0, "stamp": 1742910973.510281, "frame_id": ""}, "pose": {"position": {"x": 0.4192659208525996, "y": 0.7835868294466302, "z": 0}, "orientation": {"x": 0.0, "y": 0.0, "z": -0.9160410712024434, "w": 0.40108447473104725}}}}
{"class": "PoseStamped", "topic_name": "/aruco", "timestamp": "1742910975.123996", "message": {"header": {"seq": 0, "stamp": 1742910974.556279, "frame_id": ""}, "pose": {"position": {"x": 0.4192659208525996, "y": 0.7835868294466302, "z": 0}, "orientation": {"x": 0.0, "y": 0.0, "z": -0.9160410712024434, "w": 0.40108447473104725}}}}
{"class": "PoseStamped", "topic_name": "/aruco", "timestamp": "1742910976.217585", "message": {"header": {"seq": 0, "stamp": 1742910975.641273, "frame_id": ""}, "pose": {"position": {"x": 0.4192659208525996, "y": 0.7835868294466302, "z": 0}, "orientation": {"x": 0.0, "y": 0.0, "z": -0.9160410712024434, "w": 0.40108447473104725}}}}
{"class": "PoseStamped", "topic_name": "/aruco", "timestamp": "1742910977.31999", "message": {"header": {"seq": 0, "stamp": 1742910976.766756, "frame_id": ""}, "pose": {"position": {"x": 0.4192659208525996, "y": 0.7835868294466302, "z": 0}, "orientation": {"x": 0.0, "y": 0.0, "z": -0.9160410712024434, "w": 0.40108447473104725}}}}
{"class": "PoseStamped", "topic_name": "/aruco", "timestamp": "1742910978.319125", "message": {"header": {"seq": 0, "stamp": 1742910977.823704, "frame_id": ""}, "pose": {"position": {"x": 0.4192659208525996, "y": 0.7835868294466302, "z": 0}, "orientation": {"x": 0.0, "y": 0.0, "z": -0.9160410712024434, "w": 0.40108447473104725}}}}
{"class": "PoseStamped", "topic_name": "/aruco", "timestamp": "1742910979.517431", "message": {"header": {"seq": 0, "stamp": 1742910978.93545, "frame_id": ""}, "pose": {"position": {"x": 0.4192659208525996, "y": 0.7835868294466302, "z": 0}, "orientation": {"x": 0.0, "y": 0.0, "z": -0.9160410712024434, "w": 0.40108447473104725}}}}
{"class": "PoseStamped", "topic_name": "/aruco", "timestamp": "1742910980.517233", "message": {"header": {"seq": 0, "stamp": 1742910979.939184, "frame_id": ""}, "pose": {"position": {"x": 0.4192659208525996, "y": 0.7835868294466302, "z": 0}, "orientation": {"x": 0.0, "y": 0.0, "z": -0.9160410712024434, "w": 0.40108447473104725}}}}
