{"class": "PoseStamped", "topic_name": "/aruco", "timestamp": "1741098387.633715", "message": {"header": {"seq": 0, "stamp": 1741098387.893203, "frame_id": ""}, "pose": {"position": {"x": 0.37066508959580013, "y": 0.5948790083683424, "z": 0}, "orientation": {"x": 0.0, "y": 0.0, "z": -0.30360680703192483, "w": 0.9527974111656053}}}}
{"class": "PoseStamped", "topic_name": "/aruco", "timestamp": "1741098388.73395", "message": {"header": {"seq": 0, "stamp": 1741098388.997882, "frame_id": ""}, "pose": {"position": {"x": 0.400558896168846, "y": 0.6297177991634091, "z": 0}, "orientation": {"x": 0.0, "y": 0.0, "z": -0.06978268660179288, "w": 0.9975622169321751}}}}
{"class": "PoseStamped", "topic_name": "/aruco", "timestamp": "1741098389.734105", "message": {"header": {"seq": 0, "stamp": 1741098390.00753, "frame_id": ""}, "pose": {"position": {"x": 0.400558896168846, "y": 0.6297177991634091, "z": 0}, "orientation": {"x": 0.0, "y": 0.0, "z": -0.06978268660179288, "w": 0.9975622169321751}}}}
{"class": "PoseStamped", "topic_name": "/aruco", "timestamp": "1741098390.834821", "message": {"header": {"seq": 0, "stamp": 1741098391.02484, "frame_id": ""}, "pose": {"position": {"x": 0.4010795275655752, "y": 0.6261812753273206, "z": 0}, "orientation": {"x": 0.0, "y": 0.0, "z": -0.0695024289189206, "w": 0.9975817822987599}}}}
{"class": "PoseStamped", "topic_name": "/aruco", "timestamp": "1741098391.833844", "message": {"header": {"seq": 0, "stamp": 1741098392.117505, "frame_id": ""}, "pose": {"position": {"x": 0.4010795275655752, "y": 0.6261812753273206, "z": 0}, "orientation": {"x": 0.0, "y": 0.0, "z": -0.0695024289189206, "w": 0.9975817822987599}}}}
