{"class": "PoseStamped", "topic_name": "/aruco", "timestamp": "1742910930.650598", "message": {"header": {"seq": 0, "stamp": 1742910930.009204, "frame_id": ""}, "pose": {"position": {"x": 0.4192659208525996, "y": 0.7835868294466302, "z": 0}, "orientation": {"x": 0.0, "y": 0.0, "z": -0.9160410712024434, "w": 0.40108447473104725}}}}
{"class": "PoseStamped", "topic_name": "/aruco", "timestamp": "1742910931.551019", "message": {"header": {"seq": 0, "stamp": 1742910931.026328, "frame_id": ""}, "pose": {"position": {"x": 0.4192659208525996, "y": 0.7835868294466302, "z": 0}, "orientation": {"x": 0.0, "y": 0.0, "z": -0.9160410712024434, "w": 0.40108447473104725}}}}
{"class": "PoseStamped", "topic_name": "/aruco", "timestamp": "1742910932.651065", "message": {"header": {"seq": 0, "stamp": 1742910932.109941, "frame_id": ""}, "pose": {"position": {"x": 0.4192659208525996, "y": 0.7835868294466302, "z": 0}, "orientation": {"x": 0.0, "y": 0.0, "z": -0.9160410712024434, "w": 0.40108447473104725}}}}
{"class": "PoseStamped", "topic_name": "/aruco", "timestamp": "1742910933.650956", "message": {"header": {"seq": 0, "stamp": 1742910933.122862, "frame_id": ""}, "pose": {"position": {"x": 0.4192659208525996, "y": 0.7835868294466302, "z": 0}, "orientation": {"x": 0.0, "y": 0.0, "z": -0.9160410712024434, "w": 0.40108447473104725}}}}
{"class": "PoseStamped", "topic_name": "/aruco", "timestamp": "1742910934.751488", "message": {"header": {"seq": 0, "stamp": 1742910934.202967, "frame_id": ""}, "pose": {"position": {"x": 0.4192659208525996, "y": 0.7835868294466302, "z": 0}, "orientation": {"x": 0.0, "y": 0.0, "z": -0.9160410712024434, "w": 0.40108447473104725}}}}
{"class": "PoseStamped", "topic_name": "/aruco", "timestamp": "1742910935.751091", "message": {"header": {"seq": 0, "stamp": 1742910935.248902, "frame_id": ""}, "pose": {"position": {"x": 0.4192659208525996, "y": 0.7835868294466302, "z": 0}, "orientation": {"x": 0.0, "y": 0.0, "z": -0.9160410712024434, "w": 0.40108447473104725}}}}
{"class": "PoseStamped", "topic_name": "/aruco", "timestamp": "1742910936.852929", "message": {"header": {"seq": 0, "stamp": 1742910936.281982, "frame_id": ""}, "pose": {"position": {"x": 0.4192659208525996, "y": 0.7835868294466302, "z": 0}, "orientation": {"x": 0.0, "y": 0.0, "z": -0.9160410712024434, "w": 0.40108447473104725}}}}
{"class": "PoseStamped", "topic_name": "/aruco", "timestamp": "1742910937.85122", "message": {"header": {"seq": 0, "stamp": 1742910937.32721, "frame_id": ""}, "pose": {"position": {"x": 0.4192659208525996, "y": 0.7835868294466302, "z": 0}, "orientation": {"x": 0.0, "y": 0.0, "z": -0.9160410712024434, "w": 0.40108447473104725}}}}
{"class": "PoseStamped", "topic_name": "/aruco", "timestamp": "1742910938.951215", "message": {"header": {"seq": 0, "stamp": 1742910938.388908, "frame_id": ""}, "pose": {"position": {"x": 0.4192659208525996, "y": 0.7835868294466302, "z": 0}, "orientation": {"x": 0.0, "y": 0.0, "z": -0.9160410712024434, "w": 0.40108447473104725}}}}
{"class": "PoseStamped", "topic_name": "/aruco", "timestamp": "1742910940.05332", "message": {"header": {"seq": 0, "stamp": 1742910939.468383, "frame_id": ""}, "pose": {"position": {"x": 0.4192659208525996, "y": 0.7835868294466302, "z": 0}, "orientation": {"x": 0.0, "y": 0.0, "z": -0.9160410712024434, "w": 0.40108447473104725}}}}
{"class": "PoseStamped", "topic_name": "/aruco", "timestamp": "1742910941.15105", "message": {"header": {"seq": 0, "stamp": 1742910940.510573, "frame_id": ""}, "pose": {"position": {"x": 0.4192659208525996, "y": 0.7835868294466302, "z": 0}, "orientation": {"x": 0.0, "y": 0.0, "z": -0.9160410712024434, "w": 0.40108447473104725}}}}
{"class": "PoseStamped", "topic_name": "/aruco", "timestamp": "1742910942.051079", "message": {"header": {"seq": 0, "stamp": 1742910941.54706, "frame_id": ""}, "pose": {"position": {"x": 0.4192659208525996, "y": 0.7835868294466302, "z": 0}, "orientation": {"x": 0.0, "y": 0.0, "z": -0.9160410712024434, "w": 0.40108447473104725}}}}
{"class": "PoseStamped", "topic_name": "/aruco", "timestamp": "1742910943.151324", "message": {"header": {"seq": 0, "stamp": 1742910942.584103, "frame_id": ""}, "pose": {"position": {"x": 0.4192659208525996, "y": 0.7835868294466302, "z": 0}, "orientation": {"x": 0.0, "y": 0.0, "z": -0.9160410712024434, "w": 0.40108447473104725}}}}
{"class": "PoseStamped", "topic_name": "/aruco", "timestamp": "1742910944.150847", "message": {"header": {"seq": 0, "stamp": 1742910943.641179, "frame_id": ""}, "pose": {"position": {"x": 0.4192659208525996, "y": 0.7835868294466302, "z": 0}, "orientation": {"x": 0.0, "y": 0.0, "z": -0.9160410712024434, "w": 0.40108447473104725}}}}
